Id,task_1,task_2
 /test/seborrheic_keratosis/resized/ISIC_0013281.jpg,0.22423938,0.16976258 
 /test/seborrheic_keratosis/resized/ISIC_0013281.jpg,0.20747052,0.26681122 
 /test/seborrheic_keratosis/resized/ISIC_0013281.jpg,0.23486558,0.098596334 
 /test/seborrheic_keratosis/resized/ISIC_0013281.jpg,0.25702572,0.02723076 
 /test/seborrheic_keratosis/resized/ISIC_0013281.jpg,0.19799663,0.301354 
 /test/seborrheic_keratosis/resized/ISIC_0013281.jpg,0.17334329,0.014966622 
 /test/seborrheic_keratosis/resized/ISIC_0013281.jpg,0.15988639,0.08674545 
 /test/seborrheic_keratosis/resized/ISIC_0013281.jpg,0.24061577,0.030130677 
 /test/seborrheic_keratosis/resized/ISIC_0013281.jpg,0.22674306,0.026127946 
 /test/seborrheic_keratosis/resized/ISIC_0013281.jpg,0.19284855,0.12998201 
 /test/seborrheic_keratosis/resized/ISIC_0013281.jpg,0.19268563,0.31020907 
 /test/seborrheic_keratosis/resized/ISIC_0013281.jpg,0.14735308,0.35770845 
 /test/seborrheic_keratosis/resized/ISIC_0013281.jpg,0.20515953,0.14919364 
 /test/seborrheic_keratosis/resized/ISIC_0013281.jpg,0.20108508,0.12148266 
 /test/seborrheic_keratosis/resized/ISIC_0013281.jpg,0.20410533,0.25047866 
 /test/seborrheic_keratosis/resized/ISIC_0013281.jpg,0.1472893,0.067947984 
 /test/seborrheic_keratosis/resized/ISIC_0013281.jpg,0.17736165,0.20411968 
 /test/seborrheic_keratosis/resized/ISIC_0013281.jpg,0.22613333,0.021831056 
 /test/seborrheic_keratosis/resized/ISIC_0013281.jpg,0.2196244,0.13139553 
 /test/seborrheic_keratosis/resized/ISIC_0013281.jpg,0.2338674,0.08001034 
 /test/seborrheic_keratosis/resized/ISIC_0013281.jpg,0.21526939,0.12672444 
 /test/seborrheic_keratosis/resized/ISIC_0013281.jpg,0.21089682,0.22474325 
 /test/seborrheic_keratosis/resized/ISIC_0013281.jpg,0.2202908,0.2161963 
 /test/seborrheic_keratosis/resized/ISIC_0013281.jpg,0.20484592,0.27816936 
 /test/seborrheic_keratosis/resized/ISIC_0013281.jpg,0.22857839,0.1426237 
 /test/seborrheic_keratosis/resized/ISIC_0013281.jpg,0.18004206,0.061588366 
 /test/seborrheic_keratosis/resized/ISIC_0013281.jpg,0.20241843,0.1777587 
 /test/seborrheic_keratosis/resized/ISIC_0013281.jpg,0.21431214,0.21569254 
 /test/seborrheic_keratosis/resized/ISIC_0013281.jpg,0.19859688,0.28213993 
 /test/seborrheic_keratosis/resized/ISIC_0013281.jpg,0.25409663,0.09994855 
 /test/seborrheic_keratosis/resized/ISIC_0013281.jpg,0.1929553,0.05424084 
 /test/seborrheic_keratosis/resized/ISIC_0013281.jpg,0.19274531,0.30812302 
 /test/seborrheic_keratosis/resized/ISIC_0013281.jpg,0.20444198,0.27909255 
 /test/seborrheic_keratosis/resized/ISIC_0013281.jpg,0.21222581,0.14285645 
 /test/seborrheic_keratosis/resized/ISIC_0013281.jpg,0.21490274,0.24267198 
 /test/seborrheic_keratosis/resized/ISIC_0013281.jpg,0.19384865,0.31043348 
 /test/seborrheic_keratosis/resized/ISIC_0013281.jpg,0.20633014,0.26919627 
 /test/seborrheic_keratosis/resized/ISIC_0013281.jpg,0.23107433,0.09023036 
 /test/seborrheic_keratosis/resized/ISIC_0013281.jpg,0.1959887,0.29118773 
 /test/seborrheic_keratosis/resized/ISIC_0013281.jpg,0.20021825,0.23053397 
 /test/seborrheic_keratosis/resized/ISIC_0013281.jpg,0.19556943,0.3049685 
 /test/seborrheic_keratosis/resized/ISIC_0013281.jpg,0.17419283,0.119337134 
 /test/seborrheic_keratosis/resized/ISIC_0013281.jpg,0.20103925,0.29028934 
 /test/seborrheic_keratosis/resized/ISIC_0013281.jpg,0.21158582,0.008511622 
 /test/seborrheic_keratosis/resized/ISIC_0013281.jpg,0.1948782,0.28858423 
 /test/seborrheic_keratosis/resized/ISIC_0013281.jpg,0.1926202,0.22730036 
 /test/seborrheic_keratosis/resized/ISIC_0013281.jpg,0.20911647,0.2184784 
 /test/seborrheic_keratosis/resized/ISIC_0013281.jpg,0.22209959,0.17264396 
 /test/seborrheic_keratosis/resized/ISIC_0013281.jpg,0.2537466,0.099541485 
 /test/seborrheic_keratosis/resized/ISIC_0013281.jpg,0.1460738,0.019842384 
 /test/seborrheic_keratosis/resized/ISIC_0013281.jpg,0.19600415,0.3064832 
 /test/seborrheic_keratosis/resized/ISIC_0013281.jpg,0.09208137,7.490935e-05 
 /test/seborrheic_keratosis/resized/ISIC_0013281.jpg,0.21201491,0.20305961 
 /test/seborrheic_keratosis/resized/ISIC_0013281.jpg,0.2660022,0.021412117 
 /test/seborrheic_keratosis/resized/ISIC_0013281.jpg,0.20812269,0.2247764 
 /test/seborrheic_keratosis/resized/ISIC_0013281.jpg,0.19384865,0.31043348 
 /test/seborrheic_keratosis/resized/ISIC_0013281.jpg,0.22337899,0.14510924 
 /test/seborrheic_keratosis/resized/ISIC_0013281.jpg,0.27495366,0.04398779 
 /test/seborrheic_keratosis/resized/ISIC_0013281.jpg,0.20886533,0.26078326 
 /test/seborrheic_keratosis/resized/ISIC_0013281.jpg,0.22185256,0.1700781 
 /test/seborrheic_keratosis/resized/ISIC_0013281.jpg,0.21242945,0.06309432 
 /test/seborrheic_keratosis/resized/ISIC_0013281.jpg,0.2431057,0.18786466 
 /test/seborrheic_keratosis/resized/ISIC_0013281.jpg,0.21826217,0.16708986 
 /test/seborrheic_keratosis/resized/ISIC_0013281.jpg,0.1951503,0.30629823 
 /test/seborrheic_keratosis/resized/ISIC_0013281.jpg,0.25126737,0.04345774 
 /test/seborrheic_keratosis/resized/ISIC_0013281.jpg,0.32999983,0.006348101 
 /test/seborrheic_keratosis/resized/ISIC_0013281.jpg,0.19647546,0.3056249 
 /test/seborrheic_keratosis/resized/ISIC_0013281.jpg,0.15635554,0.36606935 
 /test/seborrheic_keratosis/resized/ISIC_0013281.jpg,0.24910241,0.080379255 
 /test/seborrheic_keratosis/resized/ISIC_0013281.jpg,0.2318793,0.078611694 
 /test/seborrheic_keratosis/resized/ISIC_0013281.jpg,0.18028492,0.00043158283 
 /test/seborrheic_keratosis/resized/ISIC_0013281.jpg,0.22494859,0.21738875 
 /test/seborrheic_keratosis/resized/ISIC_0013281.jpg,0.19819103,0.22673593 
 /test/seborrheic_keratosis/resized/ISIC_0013281.jpg,0.22749655,0.17237826 
 /test/seborrheic_keratosis/resized/ISIC_0013281.jpg,0.20411253,0.26271224 
 /test/seborrheic_keratosis/resized/ISIC_0013281.jpg,0.20475481,0.058267415 
 /test/seborrheic_keratosis/resized/ISIC_0013281.jpg,0.20235492,0.26142085 
 /test/seborrheic_keratosis/resized/ISIC_0013281.jpg,0.22190286,0.2185305 
 /test/seborrheic_keratosis/resized/ISIC_0013281.jpg,0.23092492,0.012578085 
 /test/seborrheic_keratosis/resized/ISIC_0013281.jpg,0.20560354,0.22123794 
 /test/seborrheic_keratosis/resized/ISIC_0013281.jpg,0.19423026,0.19774932 
 /test/seborrheic_keratosis/resized/ISIC_0013281.jpg,0.20552891,0.2678081 
 /test/seborrheic_keratosis/resized/ISIC_0013281.jpg,0.18149187,0.0022334994 
 /test/seborrheic_keratosis/resized/ISIC_0013281.jpg,0.19384865,0.31043348 
 /test/seborrheic_keratosis/resized/ISIC_0013281.jpg,0.19925784,0.2318273 
 /test/seborrheic_keratosis/resized/ISIC_0013281.jpg,0.22560258,0.21570435 
 /test/seborrheic_keratosis/resized/ISIC_0013281.jpg,0.23411632,0.18192872 
 /test/seborrheic_keratosis/resized/ISIC_0013281.jpg,0.2087301,0.24561962 
 /test/seborrheic_keratosis/resized/ISIC_0013281.jpg,0.18501563,0.03177595 
 /test/seborrheic_keratosis/resized/ISIC_0013281.jpg,0.20692527,0.2803932 
 /test/seborrheic_keratosis/resized/ISIC_0013281.jpg,0.20011479,0.04566341 
 /test/seborrheic_keratosis/resized/ISIC_0013281.jpg,0.2033404,0.019950371 
 /test/seborrheic_keratosis/resized/ISIC_0013281.jpg,0.28582355,0.080770604 
 /test/seborrheic_keratosis/resized/ISIC_0013281.jpg,0.18336976,0.16574724 
 /test/seborrheic_keratosis/resized/ISIC_0013281.jpg,0.19863857,0.2582423 
 /test/seborrheic_keratosis/resized/ISIC_0013281.jpg,0.25326154,0.06445504 
 /test/seborrheic_keratosis/resized/ISIC_0013281.jpg,0.2053689,0.15182155 
 /test/seborrheic_keratosis/resized/ISIC_0013281.jpg,0.19384865,0.31043348 
 /test/seborrheic_keratosis/resized/ISIC_0013281.jpg,0.2093332,0.26858765 
 /test/seborrheic_keratosis/resized/ISIC_0013281.jpg,0.25067493,0.0047922116 
 /test/seborrheic_keratosis/resized/ISIC_0013281.jpg,0.19283295,0.05916142 
 /test/seborrheic_keratosis/resized/ISIC_0013281.jpg,0.21196331,0.09483381 
 /test/seborrheic_keratosis/resized/ISIC_0013281.jpg,0.1947463,0.19064297 
 /test/seborrheic_keratosis/resized/ISIC_0013281.jpg,0.23709288,0.06352635 
 /test/seborrheic_keratosis/resized/ISIC_0013281.jpg,0.12450049,0.009482558 
 /test/seborrheic_keratosis/resized/ISIC_0013281.jpg,0.19427946,0.30372515 
 /test/seborrheic_keratosis/resized/ISIC_0013281.jpg,0.19744584,0.24865188 
 /test/seborrheic_keratosis/resized/ISIC_0013281.jpg,0.19229397,0.31013256 
 /test/seborrheic_keratosis/resized/ISIC_0013281.jpg,0.20866539,0.27107927 
 /test/seborrheic_keratosis/resized/ISIC_0013281.jpg,0.23456666,0.15984906 
 /test/seborrheic_keratosis/resized/ISIC_0013281.jpg,0.31238738,0.0009892497 
 /test/seborrheic_keratosis/resized/ISIC_0013281.jpg,0.14919573,0.04364268 
 /test/seborrheic_keratosis/resized/ISIC_0013281.jpg,0.2073342,0.25108796 
 /test/seborrheic_keratosis/resized/ISIC_0013281.jpg,0.23283547,0.09850332 
 /test/seborrheic_keratosis/resized/ISIC_0013281.jpg,0.21877043,0.14559214 
 /test/seborrheic_keratosis/resized/ISIC_0013281.jpg,0.1838154,0.14783752 
 /test/seborrheic_keratosis/resized/ISIC_0013281.jpg,0.20595749,0.1591797 
 /test/seborrheic_keratosis/resized/ISIC_0013281.jpg,0.19227272,0.10135779 
 /test/seborrheic_keratosis/resized/ISIC_0013281.jpg,0.18486229,0.19012606 
 /test/seborrheic_keratosis/resized/ISIC_0013281.jpg,0.22381195,0.051160205 
 /test/seborrheic_keratosis/resized/ISIC_0013281.jpg,0.20020378,0.082786426 
 /test/seborrheic_keratosis/resized/ISIC_0013281.jpg,0.19990517,0.28213322 
 /test/seborrheic_keratosis/resized/ISIC_0013281.jpg,0.1424587,0.07520875 
 /test/seborrheic_keratosis/resized/ISIC_0013281.jpg,0.23532455,0.0091801565 
 /test/seborrheic_keratosis/resized/ISIC_0013281.jpg,0.18064389,0.17857072 
 /test/seborrheic_keratosis/resized/ISIC_0013281.jpg,0.2366503,0.17387955 
 /test/seborrheic_keratosis/resized/ISIC_0013281.jpg,0.21336645,0.18179128 
 /test/seborrheic_keratosis/resized/ISIC_0013281.jpg,0.20165716,0.11649493 
 /test/seborrheic_keratosis/resized/ISIC_0013281.jpg,0.20110859,0.28748393 
 /test/seborrheic_keratosis/resized/ISIC_0013281.jpg,0.19849621,0.25307763 
 /test/seborrheic_keratosis/resized/ISIC_0013281.jpg,0.21920072,0.07164492 
 /test/seborrheic_keratosis/resized/ISIC_0013281.jpg,0.20307136,0.2595302 
 /test/seborrheic_keratosis/resized/ISIC_0013281.jpg,0.111266956,0.021508798 
 /test/seborrheic_keratosis/resized/ISIC_0013281.jpg,0.18834886,0.099378906 
 /test/seborrheic_keratosis/resized/ISIC_0013281.jpg,0.20100938,0.28940028 
 /test/seborrheic_keratosis/resized/ISIC_0013281.jpg,0.11655947,0.020566538 
 /test/seborrheic_keratosis/resized/ISIC_0013281.jpg,0.18516588,0.18471406 
 /test/seborrheic_keratosis/resized/ISIC_0013281.jpg,0.20116933,0.28480586 
 /test/seborrheic_keratosis/resized/ISIC_0013281.jpg,0.24744947,0.052174933 
 /test/seborrheic_keratosis/resized/ISIC_0013281.jpg,0.25596872,0.054046728 
 /test/seborrheic_keratosis/resized/ISIC_0013281.jpg,0.27283287,0.123805985 
 /test/seborrheic_keratosis/resized/ISIC_0013281.jpg,0.1730189,0.0019611719 
 /test/seborrheic_keratosis/resized/ISIC_0013281.jpg,0.18133071,0.1143023 
 /test/seborrheic_keratosis/resized/ISIC_0013281.jpg,0.21754543,0.2053623 
 /test/seborrheic_keratosis/resized/ISIC_0013281.jpg,0.22656934,0.07923647 
 /test/seborrheic_keratosis/resized/ISIC_0013281.jpg,0.17371999,0.19538908 
 /test/seborrheic_keratosis/resized/ISIC_0013281.jpg,0.1424587,0.07520875 
 /test/seborrheic_keratosis/resized/ISIC_0013281.jpg,0.29296643,0.014732499 
 /test/seborrheic_keratosis/resized/ISIC_0013281.jpg,0.15195306,0.060453925 
 /test/seborrheic_keratosis/resized/ISIC_0013281.jpg,0.12746353,0.021194683 
 /test/seborrheic_keratosis/resized/ISIC_0013281.jpg,0.22312382,0.24467067 
 /test/seborrheic_keratosis/resized/ISIC_0013281.jpg,0.21619935,0.05124873 
 /test/seborrheic_keratosis/resized/ISIC_0013281.jpg,0.20988943,0.19536439 
 /test/seborrheic_keratosis/resized/ISIC_0013281.jpg,0.20611762,0.11194887 
 /test/seborrheic_keratosis/resized/ISIC_0013281.jpg,0.24090081,0.12375132 
 /test/seborrheic_keratosis/resized/ISIC_0013281.jpg,0.16982087,0.16466476 
 /test/seborrheic_keratosis/resized/ISIC_0013281.jpg,0.20185876,0.23419657 
 /test/seborrheic_keratosis/resized/ISIC_0013281.jpg,0.20263962,0.15365803 
 /test/seborrheic_keratosis/resized/ISIC_0013281.jpg,0.20680337,0.06560233 
 /test/seborrheic_keratosis/resized/ISIC_0013281.jpg,0.19384865,0.31043348 
 /test/seborrheic_keratosis/resized/ISIC_0013281.jpg,0.21030363,0.25180817 
 /test/seborrheic_keratosis/resized/ISIC_0013281.jpg,0.11639621,0.019912446 
 /test/seborrheic_keratosis/resized/ISIC_0013281.jpg,0.19409308,0.19018255 
 /test/seborrheic_keratosis/resized/ISIC_0013281.jpg,0.10134723,0.17059268 
 /test/seborrheic_keratosis/resized/ISIC_0013281.jpg,0.19322468,0.11311941 
 /test/seborrheic_keratosis/resized/ISIC_0013281.jpg,0.20462984,0.14212833 
 /test/seborrheic_keratosis/resized/ISIC_0013281.jpg,0.124648325,0.006637313 
 /test/seborrheic_keratosis/resized/ISIC_0013281.jpg,0.2147544,0.08068976 
 /test/seborrheic_keratosis/resized/ISIC_0013281.jpg,0.19417681,0.30939013 
 /test/seborrheic_keratosis/resized/ISIC_0013281.jpg,0.20323645,0.26120976 
 /test/seborrheic_keratosis/resized/ISIC_0013281.jpg,0.20326132,0.005174385 
 /test/seborrheic_keratosis/resized/ISIC_0013281.jpg,0.2708689,0.034547463 
 /test/seborrheic_keratosis/resized/ISIC_0013281.jpg,0.25973666,0.08846261 
 /test/seborrheic_keratosis/resized/ISIC_0013281.jpg,0.28341895,0.0016910238 
 /test/seborrheic_keratosis/resized/ISIC_0013281.jpg,0.2442089,0.037102092 
 /test/seborrheic_keratosis/resized/ISIC_0013281.jpg,0.20196086,0.2765084 
 /test/seborrheic_keratosis/resized/ISIC_0013281.jpg,0.23757195,0.1380019 
 /test/seborrheic_keratosis/resized/ISIC_0013281.jpg,0.29224893,0.07183686 
 /test/seborrheic_keratosis/resized/ISIC_0013281.jpg,0.19384865,0.31043348 
 /test/seborrheic_keratosis/resized/ISIC_0013281.jpg,0.15680847,0.11256248 
 /test/seborrheic_keratosis/resized/ISIC_0013281.jpg,0.1578394,0.07156681 
 /test/seborrheic_keratosis/resized/ISIC_0013281.jpg,0.19173014,0.072905794 
 /test/seborrheic_keratosis/resized/ISIC_0013281.jpg,0.16622059,0.12853952 
 /test/seborrheic_keratosis/resized/ISIC_0013281.jpg,0.38277346,4.2320344e-06 
 /test/seborrheic_keratosis/resized/ISIC_0013281.jpg,0.19371574,0.2749543 
 /test/seborrheic_keratosis/resized/ISIC_0013281.jpg,0.22904268,0.084585905 
 /test/seborrheic_keratosis/resized/ISIC_0013281.jpg,0.22858539,0.082173586 
 /test/seborrheic_keratosis/resized/ISIC_0013281.jpg,0.24947873,0.0061548306 
 /test/seborrheic_keratosis/resized/ISIC_0013281.jpg,0.22826661,0.14526139 
 /test/seborrheic_keratosis/resized/ISIC_0013281.jpg,0.19251502,0.20078672 
 /test/seborrheic_keratosis/resized/ISIC_0013281.jpg,0.09782782,0.0059133065 
 /test/seborrheic_keratosis/resized/ISIC_0013281.jpg,0.22967905,0.00076657283 
 /test/seborrheic_keratosis/resized/ISIC_0013281.jpg,0.20694661,0.06854398 
 /test/seborrheic_keratosis/resized/ISIC_0013281.jpg,0.15061745,0.0724818 
 /test/seborrheic_keratosis/resized/ISIC_0013281.jpg,0.13089213,0.016105622 
 /test/seborrheic_keratosis/resized/ISIC_0013281.jpg,0.15090789,0.06148976 
 /test/seborrheic_keratosis/resized/ISIC_0013281.jpg,0.16670427,0.0074274503 
 /test/seborrheic_keratosis/resized/ISIC_0013281.jpg,0.21413366,0.018384954 
 /test/seborrheic_keratosis/resized/ISIC_0013281.jpg,0.14448892,0.10459119 
 /test/seborrheic_keratosis/resized/ISIC_0013281.jpg,0.2069114,0.19325577 
 /test/seborrheic_keratosis/resized/ISIC_0013281.jpg,0.1949097,0.30848387 
 /test/seborrheic_keratosis/resized/ISIC_0013281.jpg,0.2369649,0.0031007149 
 /test/seborrheic_keratosis/resized/ISIC_0013281.jpg,0.24737558,0.041276675 
 /test/seborrheic_keratosis/resized/ISIC_0013281.jpg,0.2195204,0.206421 
 /test/seborrheic_keratosis/resized/ISIC_0013281.jpg,0.29196122,0.017699338 
 /test/seborrheic_keratosis/resized/ISIC_0013281.jpg,0.289912,0.03781229 
 /test/seborrheic_keratosis/resized/ISIC_0013281.jpg,0.19401634,0.30974117 
 /test/seborrheic_keratosis/resized/ISIC_0013281.jpg,0.2461531,0.1544081 
 /test/seborrheic_keratosis/resized/ISIC_0013281.jpg,0.28793177,0.08407435 
 /test/seborrheic_keratosis/resized/ISIC_0013281.jpg,0.23608026,0.16498524 
 /test/seborrheic_keratosis/resized/ISIC_0013281.jpg,0.15330002,0.015591328 
 /test/seborrheic_keratosis/resized/ISIC_0013281.jpg,0.19903295,0.27441895 
 /test/seborrheic_keratosis/resized/ISIC_0013281.jpg,0.15509287,0.08052198 
 /test/seborrheic_keratosis/resized/ISIC_0013281.jpg,0.17014651,0.10511063 
 /test/seborrheic_keratosis/resized/ISIC_0013281.jpg,0.20750757,0.28598124 
 /test/seborrheic_keratosis/resized/ISIC_0013281.jpg,0.1711205,0.060261484 
 /test/seborrheic_keratosis/resized/ISIC_0013281.jpg,0.23196402,0.22441351 
 /test/seborrheic_keratosis/resized/ISIC_0013281.jpg,0.6466866,5.741396e-07 
 /test/seborrheic_keratosis/resized/ISIC_0013281.jpg,0.17048788,0.10424463 
 /test/seborrheic_keratosis/resized/ISIC_0013281.jpg,0.18123595,0.22879937 
 /test/seborrheic_keratosis/resized/ISIC_0013281.jpg,0.19409159,0.24598566 
 /test/seborrheic_keratosis/resized/ISIC_0013281.jpg,0.2060774,0.28528014 
 /test/seborrheic_keratosis/resized/ISIC_0013281.jpg,0.1469451,0.043954138 
 /test/seborrheic_keratosis/resized/ISIC_0013281.jpg,0.20696421,0.2851316 
 /test/seborrheic_keratosis/resized/ISIC_0013281.jpg,0.09375376,0.00014761966 
 /test/seborrheic_keratosis/resized/ISIC_0013281.jpg,0.19708617,0.2558081 
 /test/seborrheic_keratosis/resized/ISIC_0013281.jpg,0.117855206,0.018174997 
 /test/seborrheic_keratosis/resized/ISIC_0013281.jpg,0.19648652,0.025644712 
 /test/seborrheic_keratosis/resized/ISIC_0013281.jpg,0.2394973,0.14293 
 /test/seborrheic_keratosis/resized/ISIC_0013281.jpg,0.15301985,0.07297885 
 /test/seborrheic_keratosis/resized/ISIC_0013281.jpg,0.28489724,0.024225395 
 /test/seborrheic_keratosis/resized/ISIC_0013281.jpg,0.19384865,0.31043348 
 /test/seborrheic_keratosis/resized/ISIC_0013281.jpg,0.2210175,0.010242374 
 /test/seborrheic_keratosis/resized/ISIC_0013281.jpg,0.24225588,0.08138977 
 /test/seborrheic_keratosis/resized/ISIC_0013281.jpg,0.12003219,0.033757925 
 /test/seborrheic_keratosis/resized/ISIC_0013281.jpg,0.24155256,0.1599527 
 /test/seborrheic_keratosis/resized/ISIC_0013281.jpg,0.31768134,0.0047243116 
 /test/seborrheic_keratosis/resized/ISIC_0013281.jpg,0.25883156,0.053735614 
 /test/seborrheic_keratosis/resized/ISIC_0013281.jpg,0.21094315,0.25647816 
 /test/seborrheic_keratosis/resized/ISIC_0013281.jpg,0.243787,0.047311187 
 /test/seborrheic_keratosis/resized/ISIC_0013281.jpg,0.20015714,0.043977354 
 /test/seborrheic_keratosis/resized/ISIC_0013281.jpg,0.13942087,0.025490448 
 /test/seborrheic_keratosis/resized/ISIC_0013281.jpg,0.18710577,0.19847865 
 /test/seborrheic_keratosis/resized/ISIC_0013281.jpg,0.19402783,0.30815032 
 /test/seborrheic_keratosis/resized/ISIC_0013281.jpg,0.19643603,0.30190927 
 /test/seborrheic_keratosis/resized/ISIC_0013281.jpg,0.1741469,0.22929132 
 /test/seborrheic_keratosis/resized/ISIC_0013281.jpg,0.2272591,0.20962903 
 /test/seborrheic_keratosis/resized/ISIC_0013281.jpg,0.2220796,0.056528065 
 /test/seborrheic_keratosis/resized/ISIC_0013281.jpg,0.15608826,0.030475514 
 /test/seborrheic_keratosis/resized/ISIC_0013281.jpg,0.19659597,0.25555784 
 /test/seborrheic_keratosis/resized/ISIC_0013281.jpg,0.27809194,0.005264192 
 /test/seborrheic_keratosis/resized/ISIC_0013281.jpg,0.20956124,0.12966187 
 /test/seborrheic_keratosis/resized/ISIC_0013281.jpg,0.31141922,0.013171456 
 /test/seborrheic_keratosis/resized/ISIC_0013281.jpg,0.24254388,0.019329723 
 /test/seborrheic_keratosis/resized/ISIC_0013281.jpg,0.15221483,0.0014906023 
 /test/seborrheic_keratosis/resized/ISIC_0013281.jpg,0.21898343,0.08893335 
 /test/seborrheic_keratosis/resized/ISIC_0013281.jpg,0.2262263,0.17966713 
 /test/seborrheic_keratosis/resized/ISIC_0013281.jpg,0.2117559,0.25325984 
 /test/seborrheic_keratosis/resized/ISIC_0013281.jpg,0.2569783,0.006470879 
 /test/seborrheic_keratosis/resized/ISIC_0013281.jpg,0.19636646,0.009940769 
 /test/seborrheic_keratosis/resized/ISIC_0013281.jpg,0.25679937,0.13456553 
 /test/seborrheic_keratosis/resized/ISIC_0013281.jpg,0.22308445,0.124963455 
 /test/seborrheic_keratosis/resized/ISIC_0013281.jpg,0.20025842,0.2805219 
 /test/seborrheic_keratosis/resized/ISIC_0013281.jpg,0.17824642,0.2999809 
 /test/seborrheic_keratosis/resized/ISIC_0013281.jpg,0.19407837,0.30844095 
 /test/seborrheic_keratosis/resized/ISIC_0013281.jpg,0.1417734,0.057251073 
 /test/seborrheic_keratosis/resized/ISIC_0013281.jpg,0.17899129,0.06446618 
 /test/seborrheic_keratosis/resized/ISIC_0013281.jpg,0.19291271,0.29709408 
 /test/seborrheic_keratosis/resized/ISIC_0013281.jpg,0.19791558,0.29678702 
 /test/seborrheic_keratosis/resized/ISIC_0013281.jpg,0.17191523,0.17225039 
 /test/seborrheic_keratosis/resized/ISIC_0013281.jpg,0.19912384,0.2691514 
 /test/seborrheic_keratosis/resized/ISIC_0013281.jpg,0.19902469,0.25322577 
 /test/seborrheic_keratosis/resized/ISIC_0013281.jpg,0.16952626,0.08700272 
 /test/seborrheic_keratosis/resized/ISIC_0013281.jpg,0.20446679,0.25210047 
 /test/seborrheic_keratosis/resized/ISIC_0013281.jpg,0.18026644,0.012359352 
 /test/seborrheic_keratosis/resized/ISIC_0013281.jpg,0.11031747,0.0036763563 
 /test/seborrheic_keratosis/resized/ISIC_0013281.jpg,0.27121428,0.0011372635 
 /test/seborrheic_keratosis/resized/ISIC_0013281.jpg,0.2251764,0.036731783 
 /test/seborrheic_keratosis/resized/ISIC_0013281.jpg,0.20677868,0.0008290386 
 /test/seborrheic_keratosis/resized/ISIC_0013281.jpg,0.25452116,0.016770968 
 /test/seborrheic_keratosis/resized/ISIC_0013281.jpg,0.22096148,0.23632137 
 /test/seborrheic_keratosis/resized/ISIC_0013281.jpg,0.20330004,0.023791421 
 /test/seborrheic_keratosis/resized/ISIC_0013281.jpg,0.18264346,0.26379773 
 /test/seborrheic_keratosis/resized/ISIC_0013281.jpg,0.26008463,0.023051715 
 /test/seborrheic_keratosis/resized/ISIC_0013281.jpg,0.19213857,0.13984539 
 /test/seborrheic_keratosis/resized/ISIC_0013281.jpg,0.32036242,0.013234967 
 /test/seborrheic_keratosis/resized/ISIC_0013281.jpg,0.23864542,0.22270943 
 /test/seborrheic_keratosis/resized/ISIC_0013281.jpg,0.16021946,0.09428947 
 /test/seborrheic_keratosis/resized/ISIC_0013281.jpg,0.18941247,0.26697463 
 /test/seborrheic_keratosis/resized/ISIC_0013281.jpg,0.1831769,0.014553149 
 /test/seborrheic_keratosis/resized/ISIC_0013281.jpg,0.20134965,0.14273341 
 /test/seborrheic_keratosis/resized/ISIC_0013281.jpg,0.21962714,0.033209696 
 /test/seborrheic_keratosis/resized/ISIC_0013281.jpg,0.18285726,0.24340422 
 /test/seborrheic_keratosis/resized/ISIC_0013281.jpg,0.1376438,0.0029724939 
 /test/seborrheic_keratosis/resized/ISIC_0013281.jpg,0.19391745,0.3101495 
 /test/seborrheic_keratosis/resized/ISIC_0013281.jpg,0.21128526,0.2232335 
 /test/seborrheic_keratosis/resized/ISIC_0013281.jpg,0.21526882,0.23480523 
 /test/seborrheic_keratosis/resized/ISIC_0013281.jpg,0.20735407,0.24964885 
 /test/seborrheic_keratosis/resized/ISIC_0013281.jpg,0.24492913,0.0704193 
 /test/seborrheic_keratosis/resized/ISIC_0013281.jpg,0.24771987,0.02811108 
 /test/seborrheic_keratosis/resized/ISIC_0013281.jpg,0.20107314,0.29735166 
 /test/seborrheic_keratosis/resized/ISIC_0013281.jpg,0.264966,0.02488212 
 /test/seborrheic_keratosis/resized/ISIC_0013281.jpg,0.24082445,0.18541299 
 /test/seborrheic_keratosis/resized/ISIC_0013281.jpg,0.2131159,0.15950508 
 /test/seborrheic_keratosis/resized/ISIC_0013281.jpg,0.17344679,0.34214517 
 /test/seborrheic_keratosis/resized/ISIC_0013281.jpg,0.26187292,0.010660663 
 /test/seborrheic_keratosis/resized/ISIC_0013281.jpg,0.2879255,0.07509029 
 /test/seborrheic_keratosis/resized/ISIC_0013281.jpg,0.07524711,0.03890078 
 /test/seborrheic_keratosis/resized/ISIC_0013281.jpg,0.22765999,0.043195203 
 /test/seborrheic_keratosis/resized/ISIC_0013281.jpg,0.2207483,0.1722571 
 /test/seborrheic_keratosis/resized/ISIC_0013281.jpg,0.16936325,0.07532971 
 /test/seborrheic_keratosis/resized/ISIC_0013281.jpg,0.19384865,0.31043348 
 /test/seborrheic_keratosis/resized/ISIC_0013281.jpg,0.21269065,0.17076673 
 /test/seborrheic_keratosis/resized/ISIC_0013281.jpg,0.14028703,0.041068267 
 /test/seborrheic_keratosis/resized/ISIC_0013281.jpg,0.21448117,0.13019307 
 /test/seborrheic_keratosis/resized/ISIC_0013281.jpg,0.15168492,0.07516921 
 /test/seborrheic_keratosis/resized/ISIC_0013281.jpg,0.15276457,0.1019021 
 /test/seborrheic_keratosis/resized/ISIC_0013281.jpg,0.2138983,0.22127582 
 /test/seborrheic_keratosis/resized/ISIC_0013281.jpg,0.19057892,0.30632824 
 /test/seborrheic_keratosis/resized/ISIC_0013281.jpg,0.2874275,0.010306935 
 /test/seborrheic_keratosis/resized/ISIC_0013281.jpg,0.19895515,0.04816353 
 /test/seborrheic_keratosis/resized/ISIC_0013281.jpg,0.20603515,0.27112272 
 /test/seborrheic_keratosis/resized/ISIC_0013281.jpg,0.1965064,0.0069328793 
 /test/seborrheic_keratosis/resized/ISIC_0013281.jpg,0.21168754,0.23201786 
 /test/seborrheic_keratosis/resized/ISIC_0013281.jpg,0.13782741,0.06194073 
 /test/seborrheic_keratosis/resized/ISIC_0013281.jpg,0.15274508,0.035693087 
 /test/seborrheic_keratosis/resized/ISIC_0013281.jpg,0.2528153,0.12545371 
 /test/seborrheic_keratosis/resized/ISIC_0013281.jpg,0.24817738,0.029594645 
 /test/seborrheic_keratosis/resized/ISIC_0013281.jpg,0.19556247,0.30499068 
 /test/seborrheic_keratosis/resized/ISIC_0013281.jpg,0.20175187,0.009273569 
 /test/seborrheic_keratosis/resized/ISIC_0013281.jpg,0.19384865,0.31043348 
 /test/seborrheic_keratosis/resized/ISIC_0013281.jpg,0.24204561,0.16291788 
 /test/seborrheic_keratosis/resized/ISIC_0013281.jpg,0.16457643,0.016155547 
 /test/seborrheic_keratosis/resized/ISIC_0013281.jpg,0.17958347,0.0671771 
 /test/seborrheic_keratosis/resized/ISIC_0013281.jpg,0.21496017,0.18511216 
 /test/seborrheic_keratosis/resized/ISIC_0013281.jpg,0.19290465,0.15417384 
 /test/seborrheic_keratosis/resized/ISIC_0013281.jpg,0.12543012,0.016258042 
 /test/seborrheic_keratosis/resized/ISIC_0013281.jpg,0.2530536,0.01214458 
 /test/seborrheic_keratosis/resized/ISIC_0013281.jpg,0.22832347,0.010853943 
 /test/seborrheic_keratosis/resized/ISIC_0013281.jpg,0.19384865,0.31043348 
 /test/seborrheic_keratosis/resized/ISIC_0013281.jpg,0.2435135,0.13795793 
 /test/seborrheic_keratosis/resized/ISIC_0013281.jpg,0.23932932,0.010494311 
 /test/seborrheic_keratosis/resized/ISIC_0013281.jpg,0.22678958,0.03118142 
 /test/seborrheic_keratosis/resized/ISIC_0013281.jpg,0.22443688,0.05928485 
 /test/seborrheic_keratosis/resized/ISIC_0013281.jpg,0.27419865,0.03909433 
 /test/seborrheic_keratosis/resized/ISIC_0013281.jpg,0.20042548,0.023965675 
 /test/seborrheic_keratosis/resized/ISIC_0013281.jpg,0.20245628,0.17687848 
 /test/seborrheic_keratosis/resized/ISIC_0013281.jpg,0.23329377,0.14803691 
 /test/seborrheic_keratosis/resized/ISIC_0013281.jpg,0.15261605,0.07304471 
 /test/seborrheic_keratosis/resized/ISIC_0013281.jpg,0.19959913,0.2863682 
 /test/seborrheic_keratosis/resized/ISIC_0013281.jpg,0.2382433,0.14468113 
 /test/seborrheic_keratosis/resized/ISIC_0013281.jpg,0.18685177,0.24393915 
 /test/seborrheic_keratosis/resized/ISIC_0013281.jpg,0.21721928,0.23168689 
 /test/seborrheic_keratosis/resized/ISIC_0013281.jpg,0.18015695,0.24029583 
 /test/seborrheic_keratosis/resized/ISIC_0013281.jpg,0.19902685,0.085218705 
 /test/seborrheic_keratosis/resized/ISIC_0013281.jpg,0.19591995,0.29825824 
 /test/seborrheic_keratosis/resized/ISIC_0013281.jpg,0.13276196,0.0497808 
 /test/seborrheic_keratosis/resized/ISIC_0013281.jpg,0.23989108,0.111632675 
 /test/seborrheic_keratosis/resized/ISIC_0013281.jpg,0.27955064,0.011321131 
 /test/seborrheic_keratosis/resized/ISIC_0013281.jpg,0.22585572,0.21874507 
 /test/seborrheic_keratosis/resized/ISIC_0013281.jpg,0.088895366,0.008684053 
 /test/seborrheic_keratosis/resized/ISIC_0013281.jpg,0.25342166,0.034705505 
 /test/seborrheic_keratosis/resized/ISIC_0013281.jpg,0.21497165,0.2549915 
 /test/seborrheic_keratosis/resized/ISIC_0013281.jpg,0.19194938,0.066053756 
 /test/seborrheic_keratosis/resized/ISIC_0013281.jpg,0.23464593,0.006498768 
 /test/seborrheic_keratosis/resized/ISIC_0013281.jpg,0.19221534,0.012709582 
 /test/seborrheic_keratosis/resized/ISIC_0013281.jpg,0.16763009,0.000104380306 
 /test/seborrheic_keratosis/resized/ISIC_0013281.jpg,0.2301862,0.15057811 
 /test/seborrheic_keratosis/resized/ISIC_0013281.jpg,0.19625503,0.08762469 
 /test/seborrheic_keratosis/resized/ISIC_0013281.jpg,0.14054602,0.35634077 
 /test/seborrheic_keratosis/resized/ISIC_0013281.jpg,0.24089603,0.079063825 
 /test/seborrheic_keratosis/resized/ISIC_0013281.jpg,0.1533389,0.049098223 
 /test/seborrheic_keratosis/resized/ISIC_0013281.jpg,0.19137642,0.17571606 
 /test/seborrheic_keratosis/resized/ISIC_0013281.jpg,0.11996545,0.02380947 
 /test/seborrheic_keratosis/resized/ISIC_0013281.jpg,0.25003716,0.009354459 
 /test/seborrheic_keratosis/resized/ISIC_0013281.jpg,0.21703352,0.0026536074 
 /test/seborrheic_keratosis/resized/ISIC_0013281.jpg,0.22647804,0.0026851275 
 /test/seborrheic_keratosis/resized/ISIC_0013281.jpg,0.23915634,0.05603873 
 /test/seborrheic_keratosis/resized/ISIC_0013281.jpg,0.20789066,0.020032806 
 /test/seborrheic_keratosis/resized/ISIC_0013281.jpg,0.12752575,0.00042701635 
 /test/seborrheic_keratosis/resized/ISIC_0013281.jpg,0.26774687,0.022224665 
 /test/seborrheic_keratosis/resized/ISIC_0013281.jpg,0.26640552,0.020525893 
 /test/seborrheic_keratosis/resized/ISIC_0013281.jpg,0.19869858,0.047004666 
 /test/seborrheic_keratosis/resized/ISIC_0013281.jpg,0.21328013,0.097890116 
 /test/seborrheic_keratosis/resized/ISIC_0013281.jpg,0.24154791,0.06026522 
 /test/seborrheic_keratosis/resized/ISIC_0013281.jpg,0.20163825,0.028738499 
 /test/seborrheic_keratosis/resized/ISIC_0013281.jpg,0.20923601,0.2834931 
 /test/seborrheic_keratosis/resized/ISIC_0013281.jpg,0.20381667,0.2796494 
 /test/seborrheic_keratosis/resized/ISIC_0013281.jpg,0.22718489,0.20964882 
 /test/seborrheic_keratosis/resized/ISIC_0013281.jpg,0.2488338,0.16120473 
 /test/seborrheic_keratosis/resized/ISIC_0013281.jpg,0.22881007,0.031816628 
 /test/seborrheic_keratosis/resized/ISIC_0013281.jpg,0.22767678,0.16679755 
 /test/seborrheic_keratosis/resized/ISIC_0013281.jpg,0.20477055,0.25936604 
 /test/seborrheic_keratosis/resized/ISIC_0013281.jpg,0.26003632,0.03354914 
 /test/seborrheic_keratosis/resized/ISIC_0013281.jpg,0.2271188,0.063589744 
 /test/seborrheic_keratosis/resized/ISIC_0013281.jpg,0.28790778,0.07968809 
 /test/seborrheic_keratosis/resized/ISIC_0013281.jpg,0.24430628,0.09773185 
 /test/seborrheic_keratosis/resized/ISIC_0013281.jpg,0.2386839,0.18165228 
 /test/seborrheic_keratosis/resized/ISIC_0013281.jpg,0.20731288,0.039158225 
 /test/seborrheic_keratosis/resized/ISIC_0013281.jpg,0.21355778,0.23518974 
 /test/seborrheic_keratosis/resized/ISIC_0013281.jpg,0.31444195,0.015666122 
 /test/seborrheic_keratosis/resized/ISIC_0013281.jpg,0.17197964,0.0022571483 
 /test/seborrheic_keratosis/resized/ISIC_0013281.jpg,0.20159216,0.17952631 
 /test/seborrheic_keratosis/resized/ISIC_0013281.jpg,0.22582766,0.20102124 
 /test/seborrheic_keratosis/resized/ISIC_0013281.jpg,0.23241562,0.025846556 
 /test/seborrheic_keratosis/resized/ISIC_0013281.jpg,0.20146292,0.11151583 
 /test/seborrheic_keratosis/resized/ISIC_0013281.jpg,0.2655394,0.12144625 
 /test/seborrheic_keratosis/resized/ISIC_0013281.jpg,0.19317013,0.2873203 
 /test/seborrheic_keratosis/resized/ISIC_0013281.jpg,0.19616605,0.23462646 
 /test/seborrheic_keratosis/resized/ISIC_0013281.jpg,0.17912938,0.22876461 
 /test/seborrheic_keratosis/resized/ISIC_0013281.jpg,0.19577782,0.2913622 
 /test/seborrheic_keratosis/resized/ISIC_0013281.jpg,0.2304332,0.06857733 
 /test/seborrheic_keratosis/resized/ISIC_0013281.jpg,0.19452636,0.19081299 
 /test/seborrheic_keratosis/resized/ISIC_0013281.jpg,0.17101285,0.023296246 
 /test/seborrheic_keratosis/resized/ISIC_0013281.jpg,0.21781608,0.18129514 
 /test/seborrheic_keratosis/resized/ISIC_0013281.jpg,0.18132144,0.17210631 
 /test/seborrheic_keratosis/resized/ISIC_0013281.jpg,0.19384865,0.31043348 
 /test/seborrheic_keratosis/resized/ISIC_0013281.jpg,0.17949088,0.03946247 
 /test/seborrheic_keratosis/resized/ISIC_0013281.jpg,0.20383206,0.2763021 
 /test/seborrheic_keratosis/resized/ISIC_0013281.jpg,0.45379665,3.5998096e-06 
 /test/seborrheic_keratosis/resized/ISIC_0013281.jpg,0.19249018,0.23452581 
 /test/seborrheic_keratosis/resized/ISIC_0013281.jpg,0.19177127,0.25586534 
 /test/seborrheic_keratosis/resized/ISIC_0013281.jpg,0.13894138,0.0727639 
 /test/seborrheic_keratosis/resized/ISIC_0013281.jpg,0.14134024,0.030968782 
 /test/seborrheic_keratosis/resized/ISIC_0013281.jpg,0.23868379,0.12869571 
 /test/seborrheic_keratosis/resized/ISIC_0013281.jpg,0.20247623,0.28626367 
 /test/seborrheic_keratosis/resized/ISIC_0013281.jpg,0.2615081,0.064607985 
 /test/seborrheic_keratosis/resized/ISIC_0013281.jpg,0.6447995,1.4890787e-05 
 /test/seborrheic_keratosis/resized/ISIC_0013281.jpg,0.12375885,0.016699916 
 /test/seborrheic_keratosis/resized/ISIC_0013281.jpg,0.27740115,0.0077356463 
 /test/seborrheic_keratosis/resized/ISIC_0013281.jpg,0.2148949,0.19585386 
 /test/seborrheic_keratosis/resized/ISIC_0013281.jpg,0.3142181,0.015615319 
 /test/seborrheic_keratosis/resized/ISIC_0013281.jpg,0.2428015,0.01908473 
 /test/seborrheic_keratosis/resized/ISIC_0013281.jpg,0.2171687,0.035887882 
 /test/seborrheic_keratosis/resized/ISIC_0013281.jpg,0.20346212,0.13369349 
 /test/seborrheic_keratosis/resized/ISIC_0013281.jpg,0.2154408,0.16945654 
 /test/seborrheic_keratosis/resized/ISIC_0013281.jpg,0.19837923,0.30028823 
 /test/seborrheic_keratosis/resized/ISIC_0013281.jpg,0.22312936,0.08562821 
 /test/seborrheic_keratosis/resized/ISIC_0013281.jpg,0.1994783,0.17931122 
 /test/seborrheic_keratosis/resized/ISIC_0013281.jpg,0.1967287,0.2013109 
 /test/seborrheic_keratosis/resized/ISIC_0013281.jpg,0.07757417,0.011277923 
 /test/seborrheic_keratosis/resized/ISIC_0013281.jpg,0.27574992,0.04667337 
 /test/seborrheic_keratosis/resized/ISIC_0013281.jpg,0.12680382,0.017554983 
 /test/seborrheic_keratosis/resized/ISIC_0013281.jpg,0.17303956,0.014724967 
 /test/seborrheic_keratosis/resized/ISIC_0013281.jpg,0.15285331,0.08668194 
 /test/seborrheic_keratosis/resized/ISIC_0013281.jpg,0.17779818,0.3159268 
 /test/seborrheic_keratosis/resized/ISIC_0013281.jpg,0.19475916,0.1242709 
 /test/seborrheic_keratosis/resized/ISIC_0013281.jpg,0.20229213,0.21219856 
 /test/seborrheic_keratosis/resized/ISIC_0013281.jpg,0.21514335,0.0628614 
 /test/seborrheic_keratosis/resized/ISIC_0013281.jpg,0.24889818,0.0023048483 
 /test/seborrheic_keratosis/resized/ISIC_0013281.jpg,0.17550057,0.31844798 
 /test/seborrheic_keratosis/resized/ISIC_0013281.jpg,0.19264019,0.12917472 
 /test/seborrheic_keratosis/resized/ISIC_0013281.jpg,0.1995577,0.050372005 
 /test/seborrheic_keratosis/resized/ISIC_0013281.jpg,0.20879517,0.033776868 
 /test/seborrheic_keratosis/resized/ISIC_0013281.jpg,0.27829164,0.042874288 
 /test/seborrheic_keratosis/resized/ISIC_0013281.jpg,0.22936597,0.15809596 
 /test/seborrheic_keratosis/resized/ISIC_0013281.jpg,0.22037816,0.017699271 
 /test/seborrheic_keratosis/resized/ISIC_0013281.jpg,0.028096123,0.47110865 
 /test/seborrheic_keratosis/resized/ISIC_0013281.jpg,0.16823393,0.11453761 
 /test/seborrheic_keratosis/resized/ISIC_0013281.jpg,0.28063488,0.10270981 
 /test/seborrheic_keratosis/resized/ISIC_0013281.jpg,0.13726765,0.008290985 
 /test/seborrheic_keratosis/resized/ISIC_0013281.jpg,0.105939515,0.01787958 
 /test/seborrheic_keratosis/resized/ISIC_0013281.jpg,0.16783904,0.21851909 
 /test/seborrheic_keratosis/resized/ISIC_0013281.jpg,0.23269208,0.14922014 
 /test/seborrheic_keratosis/resized/ISIC_0013281.jpg,0.21157399,0.27184206 
 /test/seborrheic_keratosis/resized/ISIC_0013281.jpg,0.20361102,0.28017217 
 /test/seborrheic_keratosis/resized/ISIC_0013281.jpg,0.29458305,0.059738815 
 /test/seborrheic_keratosis/resized/ISIC_0013281.jpg,0.15995975,0.112577155 
 /test/seborrheic_keratosis/resized/ISIC_0013281.jpg,0.13483968,0.06820767 
 /test/seborrheic_keratosis/resized/ISIC_0013281.jpg,0.2070252,0.2492164 
 /test/seborrheic_keratosis/resized/ISIC_0013281.jpg,0.20489135,0.2519467 
 /test/seborrheic_keratosis/resized/ISIC_0013281.jpg,0.18521047,0.05954216 
 /test/seborrheic_keratosis/resized/ISIC_0013281.jpg,0.25713426,0.13446502 
 /test/seborrheic_keratosis/resized/ISIC_0013281.jpg,0.22407687,0.06702602 
 /test/seborrheic_keratosis/resized/ISIC_0013281.jpg,0.19833393,0.003211766 
 /test/seborrheic_keratosis/resized/ISIC_0013281.jpg,0.21510288,0.007816675 
 /test/seborrheic_keratosis/resized/ISIC_0013281.jpg,0.2891299,0.038927507 
 /test/seborrheic_keratosis/resized/ISIC_0013281.jpg,0.19415487,0.3064121 
 /test/seborrheic_keratosis/resized/ISIC_0013281.jpg,0.24836689,0.078737654 
 /test/seborrheic_keratosis/resized/ISIC_0013281.jpg,6.387377e-05,9.2539386e-07 
 /test/seborrheic_keratosis/resized/ISIC_0013281.jpg,0.18134476,0.042546287 
 /test/seborrheic_keratosis/resized/ISIC_0013281.jpg,0.21029456,0.16316965 
 /test/seborrheic_keratosis/resized/ISIC_0013281.jpg,0.10695427,0.018387837 
 /test/seborrheic_keratosis/resized/ISIC_0013281.jpg,0.105913654,0.009485193 
 /test/seborrheic_keratosis/resized/ISIC_0013281.jpg,0.08993406,0.008112512 
 /test/seborrheic_keratosis/resized/ISIC_0013281.jpg,0.30002046,5.9727367e-06 
 /test/seborrheic_keratosis/resized/ISIC_0013281.jpg,0.2056595,0.21330789 
 /test/seborrheic_keratosis/resized/ISIC_0013281.jpg,0.18386663,0.25750923 
 /test/seborrheic_keratosis/resized/ISIC_0013281.jpg,0.17187083,0.06570115 
 /test/seborrheic_keratosis/resized/ISIC_0013281.jpg,0.19531581,0.3043645 
 /test/seborrheic_keratosis/resized/ISIC_0013281.jpg,0.2137479,0.04152714 
 /test/seborrheic_keratosis/resized/ISIC_0013281.jpg,0.25890222,0.058563385 
 /test/seborrheic_keratosis/resized/ISIC_0013281.jpg,0.31818143,0.0036444014 
 /test/seborrheic_keratosis/resized/ISIC_0013281.jpg,0.18878777,0.12507774 
 /test/seborrheic_keratosis/resized/ISIC_0013281.jpg,0.19501019,0.30511287 
 /test/seborrheic_keratosis/resized/ISIC_0013281.jpg,0.19251147,0.13261375 
 /test/seborrheic_keratosis/resized/ISIC_0013281.jpg,0.19591995,0.29825824 
 /test/seborrheic_keratosis/resized/ISIC_0013281.jpg,0.19384865,0.31043348 
 /test/seborrheic_keratosis/resized/ISIC_0013281.jpg,0.2538793,0.06915105 
 /test/seborrheic_keratosis/resized/ISIC_0013281.jpg,0.09025753,0.013583585 
 /test/seborrheic_keratosis/resized/ISIC_0013281.jpg,0.20392027,0.12061683 
 /test/seborrheic_keratosis/resized/ISIC_0013281.jpg,0.11742337,0.008781151 
 /test/seborrheic_keratosis/resized/ISIC_0013281.jpg,0.14248896,0.1395098 
 /test/seborrheic_keratosis/resized/ISIC_0013281.jpg,0.14103606,0.022189144 
 /test/seborrheic_keratosis/resized/ISIC_0013281.jpg,0.22469564,0.22187673 
 /test/seborrheic_keratosis/resized/ISIC_0013281.jpg,0.08664038,0.014352569 
 /test/seborrheic_keratosis/resized/ISIC_0013281.jpg,0.21322908,0.24264881 
 /test/seborrheic_keratosis/resized/ISIC_0013281.jpg,0.22383955,0.06675419 
 /test/seborrheic_keratosis/resized/ISIC_0013281.jpg,0.17572069,0.15140197 
 /test/seborrheic_keratosis/resized/ISIC_0013281.jpg,0.24536936,0.11097063 
 /test/seborrheic_keratosis/resized/ISIC_0013281.jpg,0.19668661,0.03912785 
 /test/seborrheic_keratosis/resized/ISIC_0013281.jpg,0.00029272962,0.9862131 
 /test/seborrheic_keratosis/resized/ISIC_0013281.jpg,0.19018263,0.2717295 
 /test/seborrheic_keratosis/resized/ISIC_0013281.jpg,0.21449368,0.23974763 
 /test/seborrheic_keratosis/resized/ISIC_0013281.jpg,0.19899687,0.2862542 
 /test/seborrheic_keratosis/resized/ISIC_0013281.jpg,0.19231576,0.23169202 
 /test/seborrheic_keratosis/resized/ISIC_0013281.jpg,0.1861624,0.2667922 
 /test/seborrheic_keratosis/resized/ISIC_0013281.jpg,0.20250028,0.14206481 
 /test/seborrheic_keratosis/resized/ISIC_0013281.jpg,0.19574118,0.25538948 
 /test/seborrheic_keratosis/resized/ISIC_0013281.jpg,0.19317588,0.22254688 
 /test/seborrheic_keratosis/resized/ISIC_0013281.jpg,0.12601742,0.027415523 
 /test/seborrheic_keratosis/resized/ISIC_0013281.jpg,0.21868789,0.17411393 
 /test/seborrheic_keratosis/resized/ISIC_0013281.jpg,0.19384865,0.31043348 
 /test/seborrheic_keratosis/resized/ISIC_0013281.jpg,7.012761e-07,0.9996836 
 /test/seborrheic_keratosis/resized/ISIC_0013281.jpg,3.9947157e-05,0.9961133 
 /test/seborrheic_keratosis/resized/ISIC_0013281.jpg,1.9982923e-05,0.9973641 
 /test/seborrheic_keratosis/resized/ISIC_0013281.jpg,0.19508155,0.30533546 
 /test/seborrheic_keratosis/resized/ISIC_0013281.jpg,0.19121778,0.23325807 
 /test/seborrheic_keratosis/resized/ISIC_0013281.jpg,0.19554463,0.25754732 
 /test/seborrheic_keratosis/resized/ISIC_0013281.jpg,0.19432172,0.29081598 
 /test/seborrheic_keratosis/resized/ISIC_0013281.jpg,0.23625632,0.17437743 
 /test/seborrheic_keratosis/resized/ISIC_0013281.jpg,0.21379046,0.22107928 
 /test/seborrheic_keratosis/resized/ISIC_0013281.jpg,0.18422824,0.035373013 
 /test/seborrheic_keratosis/resized/ISIC_0013281.jpg,0.2038985,0.2825933 
 /test/seborrheic_keratosis/resized/ISIC_0013281.jpg,7.1656737e-06,0.99867153 
 /test/seborrheic_keratosis/resized/ISIC_0013281.jpg,0.19471224,0.30686447 
 /test/seborrheic_keratosis/resized/ISIC_0013281.jpg,0.1955718,0.30338532 
 /test/seborrheic_keratosis/resized/ISIC_0013281.jpg,0.19893931,0.28856033 
 /test/seborrheic_keratosis/resized/ISIC_0013281.jpg,0.17999446,0.07622817 
 /test/seborrheic_keratosis/resized/ISIC_0013281.jpg,0.2273567,0.19496883 
 /test/seborrheic_keratosis/resized/ISIC_0013281.jpg,0.13233085,0.0003188203 
 /test/seborrheic_keratosis/resized/ISIC_0013281.jpg,0.20180073,0.26963672 
 /test/seborrheic_keratosis/resized/ISIC_0013281.jpg,0.00069228694,0.97586274 
 /test/seborrheic_keratosis/resized/ISIC_0013281.jpg,0.0008012981,0.9744207 
 /test/seborrheic_keratosis/resized/ISIC_0013281.jpg,0.20232359,0.20150273 
 /test/seborrheic_keratosis/resized/ISIC_0013281.jpg,0.196534,0.30152082 
 /test/seborrheic_keratosis/resized/ISIC_0013281.jpg,1.8771881e-07,0.9998652 
 /test/seborrheic_keratosis/resized/ISIC_0013281.jpg,0.19455986,0.28820685 
 /test/seborrheic_keratosis/resized/ISIC_0013281.jpg,0.26412913,0.13900828 
 /test/seborrheic_keratosis/resized/ISIC_0013281.jpg,0.22034582,0.22098455 
 /test/seborrheic_keratosis/resized/ISIC_0013281.jpg,3.8881393e-05,0.9956903 
 /test/seborrheic_keratosis/resized/ISIC_0013281.jpg,0.19554056,0.30732945 
 /test/seborrheic_keratosis/resized/ISIC_0013281.jpg,0.004439542,0.8703068 
 /test/seborrheic_keratosis/resized/ISIC_0013281.jpg,0.00036348533,0.9822251 
 /test/seborrheic_keratosis/resized/ISIC_0013281.jpg,0.21990512,0.23330143 
 /test/seborrheic_keratosis/resized/ISIC_0013281.jpg,0.23195413,0.09631508 
 /test/seborrheic_keratosis/resized/ISIC_0013281.jpg,0.20848621,0.25959316 
 /test/seborrheic_keratosis/resized/ISIC_0013281.jpg,0.19751145,0.2551654 
 /test/seborrheic_keratosis/resized/ISIC_0013281.jpg,5.0559347e-06,0.9989214 
 /test/seborrheic_keratosis/resized/ISIC_0013281.jpg,0.20106848,0.2896795 
 /test/seborrheic_keratosis/resized/ISIC_0013281.jpg,2.3590906e-05,0.99720156 
 /test/seborrheic_keratosis/resized/ISIC_0013281.jpg,0.19949152,0.29080656 
 /test/seborrheic_keratosis/resized/ISIC_0013281.jpg,3.54746e-07,0.9997998 
 /test/seborrheic_keratosis/resized/ISIC_0013281.jpg,0.2066483,0.10811057 
 /test/seborrheic_keratosis/resized/ISIC_0013281.jpg,0.18502331,0.31936437 
 /test/seborrheic_keratosis/resized/ISIC_0013281.jpg,0.0015906792,0.9607099 
 /test/seborrheic_keratosis/resized/ISIC_0013281.jpg,0.19173957,0.2209415 
 /test/seborrheic_keratosis/resized/ISIC_0013281.jpg,0.19541101,0.30456433 
 /test/seborrheic_keratosis/resized/ISIC_0013281.jpg,0.19431673,0.30348542 
 /test/seborrheic_keratosis/resized/ISIC_0013281.jpg,0.0027099636,0.9443569 
 /test/seborrheic_keratosis/resized/ISIC_0013281.jpg,0.19979112,0.25142008 
 /test/seborrheic_keratosis/resized/ISIC_0013281.jpg,0.21701339,0.25754145 
 /test/seborrheic_keratosis/resized/ISIC_0013281.jpg,0.20497438,0.27999756 
 /test/seborrheic_keratosis/resized/ISIC_0013281.jpg,0.19558696,0.30491304 
 /test/seborrheic_keratosis/resized/ISIC_0013281.jpg,0.15308751,0.35369506 
 /test/seborrheic_keratosis/resized/ISIC_0013281.jpg,0.00054553483,0.9738312 
 /test/seborrheic_keratosis/resized/ISIC_0013281.jpg,0.19625373,0.30478343 
 /test/seborrheic_keratosis/resized/ISIC_0013281.jpg,0.20035924,0.28934407 
 /test/seborrheic_keratosis/resized/ISIC_0013281.jpg,0.20062123,0.2448406 
 /test/seborrheic_keratosis/resized/ISIC_0013281.jpg,0.18586344,0.26340133 
 /test/seborrheic_keratosis/resized/ISIC_0013281.jpg,0.19202693,0.23851562 
 /test/seborrheic_keratosis/resized/ISIC_0013281.jpg,0.21836632,0.19960341 
 /test/seborrheic_keratosis/resized/ISIC_0013281.jpg,0.20062517,0.2862093 
 /test/seborrheic_keratosis/resized/ISIC_0013281.jpg,0.19384865,0.31043348 
 /test/seborrheic_keratosis/resized/ISIC_0013281.jpg,0.18112907,0.2688488 
 /test/seborrheic_keratosis/resized/ISIC_0013281.jpg,0.22728118,0.14155322 
 /test/seborrheic_keratosis/resized/ISIC_0013281.jpg,0.17340897,0.06764597 
 /test/seborrheic_keratosis/resized/ISIC_0013281.jpg,0.00013099947,0.99178165 
 /test/seborrheic_keratosis/resized/ISIC_0013281.jpg,0.00012385829,0.9915953 
 /test/seborrheic_keratosis/resized/ISIC_0013281.jpg,0.1672161,0.016843135 
 /test/seborrheic_keratosis/resized/ISIC_0013281.jpg,0.19478235,0.29830983 
 /test/seborrheic_keratosis/resized/ISIC_0013281.jpg,0.19396451,0.2859014 
 /test/seborrheic_keratosis/resized/ISIC_0013281.jpg,0.20525065,0.18418947 
 /test/seborrheic_keratosis/resized/ISIC_0013281.jpg,0.19384865,0.31043348 
 /test/seborrheic_keratosis/resized/ISIC_0013281.jpg,0.21113577,0.25296906 
 /test/seborrheic_keratosis/resized/ISIC_0013281.jpg,0.19703567,0.29444572 
 /test/seborrheic_keratosis/resized/ISIC_0013281.jpg,0.18559344,0.24313736 
 /test/seborrheic_keratosis/resized/ISIC_0013281.jpg,0.11553759,0.3412164 
 /test/seborrheic_keratosis/resized/ISIC_0013281.jpg,0.21945652,0.06160583 
 /test/seborrheic_keratosis/resized/ISIC_0013281.jpg,0.22274582,0.1378723 
